{
  "cities": [
    {
      "city": "Москва",
      "region": "Город федерального значения"
    },
    {
      "city": "Санкт-Петербург",
      "region": "Город федерального значения"
    },
    {
      "city": "Севастополь",
      "region": "Город федерального значения"
    },
    {
      "city": "Новосибирск",
      "region": "Новосибирская область"
    },
    {
      "city": "Екатеринбург",
      "region": "Свердловская область"
    },
    {
      "city": "Нижний Новгород",
      "region": "Нижегородская область"
    },
    {
      "city": "Казань",
      "region": "Республика Татарстан"
    },
    {
      "city": "Cамара",
      "region": "Самарская область"
    },
    {
      "city": "Челябинск",
      "region": "Челябинская область"
    },
    {
      "city": "Омск",
      "region": "Омская область"
    },
    {
      "city": "Ростов-на-Дону",
      "region": "Ростовская область"
    },
    {
      "city": "Уфа",
      "region": "Республика Башкортостан"
    },
    {
      "city": "Красноярск",
      "region": "Красноярский край"
    },
    {
      "city": "Пермь",
      "region": "Пермский край"
    },
    {
      "city": "Волгоград",
      "region": "Волгоградская область"
    },
    {
      "city": "Воронеж",
      "region": "Воронежская область"
    },
    {
      "city": "Саратов",
      "region": "Саратовская область"
    },
    {
      "city": "Краснодар",
      "region": "Краснодарский край"
    },
    {
      "city": "Тольятти",
      "region": "Самарская область"
    },
    {
      "city": "Тюмень",
      "region": "Тюменская область"
    },
    {
      "city": "Ижевск",
      "region": "Республика Удмуртия"
    },
    {
      "city": "Барнаул",
      "region": "Алтайский край"
    },
    {
      "city": "Ульяновск",
      "region": "Ульяновская область"
    },
    {
      "city": "Иркутск",
      "region": "Иркутская область"
    },
    {
      "city": "Владивосток",
      "region": "Приморский край"
    },
    {
      "city": "Ярославль",
      "region": "Ярославская область"
    },
    {
      "city": "Хабаровск",
      "region": "Хабаровский край"
    },
    {
      "city": "Махачкала",
      "region": "Республика Дагестан"
    },
    {
      "city": "Оренбург",
      "region": "Оренбургская область"
    },
    {
      "city": "Томск",
      "region": "Томская область"
    },
    {
      "city": "Новокузнецк",
      "region": "Кемеровская область"
    },
    {
      "city": "Кемерово",
      "region": "Кемеровская область"
    },
    {
      "city": "Астрахань",
      "region": "Астраханская область"
    },
    {
      "city": "Рязань",
      "region": "Рязанская область"
    },
    {
      "city": "Набережные Челны",
      "region": "Республика Татарстан"
    },
    {
      "city": "Пенза",
      "region": "Пензенская область"
    },
    {
      "city": "Липецк",
      "region": "Липецкая область"
    },
    {
      "city": "Тула",
      "region": "Тульская область"
    },
    {
      "city": "Киров",
      "region": "Кировская область"
    },
    {
      "city": "Чебоксары",
      "region": "Республика Чувашия"
    },
    {
      "city": "Калининград",
      "region": "Калининградская область"
    },
    {
      "city": "Курск",
      "region": "Курская область"
    },
    {
      "city": "Улан-Удэ",
      "region": "Республика Бурятия"
    },
    {
      "city": "Ставрополь",
      "region": "Ставропольский край"
    },
    {
      "city": "Магнитогорск",
      "region": "Челябинская область"
    },
    {
      "city": "Тверь",
      "region": "Тверская область"
    },
    {
      "city": "Иваново",
      "region": "Ивановская область"
    },
    {
      "city": "Брянск",
      "region": "Брянская область"
    },
    {
      "city": "Сочи",
      "region": "Краснодарский край"
    },
    {
      "city": "Белгород",
      "region": "Белгородская область"
    },
    {
      "city": "Сургут",
      "region": "Ханты-Мансийский АО"
    }
  ]
}
